{
  "Profession": "minecraft:priest",
  "Career": "cleric",
  "Offers": {
    "Recipes": [
      {
        "action": "clear"
      },
      {
        "action": "add",
        "CareerLevel": 1,
        "buy": {
          "id": "abyssalcraft:stone",
          "Count": {
            "min": 16,
            "max": 24
          },
          "Damage": 7
        },
        "sell": {
          "id": "abyssalcraft:shoggothflesh",
          "Count": 1
        }
      },
      {
        "action": "add",
        "CareerLevel": 1,
        "buy": {
          "id": "totemic:buffalo_items",
          "Count": {
            "min": 1,
            "max": 3
          }
        },
        "sell": {
          "id": "darkutils:charm_agression",
          "Count": 1
        }
      },
      {
        "action": "add",
        "CareerLevel": 1,
        "buy": {
          "id": "primal:pelt_shark",
          "Count": {
            "min": 2,
            "max": 4
          }
        },
        "sell": {
          "id": "darkutils:charm_gluttony",
          "Count": 1
        }
      },
      {
        "action": "add",
        "CareerLevel": 1,
        "buy": {
          "id": "minecraft:feather",
          "Count": {
            "min": 1,
            "max": 3
          }
        },
        "sell": {
          "id": "darkutils:charm_null",
          "Count": 1
        }
      },
      {
        "action": "add",
        "CareerLevel": 1,
        "buy": {
          "id": "minecraft:spider_eye",
          "Count": {
            "min": 2,
            "max": 5
          }
        },
        "sell": {
          "id": "darkutils:focus_sash",
          "Count": 1
        }
      },
      {
        "action": "add",
        "CareerLevel": 1,
        "buy": {
          "id": "primal:shark_tooth",
          "Count": {
            "min": 2,
            "max": 5
          }
        },
        "sell": {
          "id": "darkutils:charm_sleep",
          "Count": 1
        }
      }
    ]
  }
}
